2023Per Pupil Expenditure,,,,,,,
District Name,District Code,In-District Expenditures,Total In-district FTEs,In-District Expenditures per Pupil,Total Expenditures,Total Pupil FTEs,Total Expenditures per Pupil
Abby Kelley Foster Charter Public (District),04450000,"          $24,231,438.78","           1,415.8","              $17,114.65","          $24,231,438.78","           1,415.8","              $17,114.65"
Abington,00010000,"          $35,603,421.16","           2,143.5","              $16,609.95","          $41,098,932.87","           2,297.3","              $17,890.10"
Academy Of the Pacific Rim Charter Public (District),04120000,"          $12,801,946.92",             467.4,"              $27,392.63","          $12,801,946.92",             467.4,"              $27,392.63"
Acton-Boxborough,06000000,"         $100,564,755.40","           5,181.7","              $19,407.68","         $109,746,603.20","           5,302.1","              $20,698.70"
Acushnet,00030000,"          $14,679,700.00",             965.8,"              $15,199.52","          $18,752,410.80","           1,254.7","              $14,945.73"
Advanced Math and Science Academy Charter (District),04300000,"          $15,065,009.41",             964.3,"              $15,623.23","          $15,065,009.41",             964.3,"              $15,623.23"
Agawam,00050000,"          $71,958,484.59","           3,524.8","              $20,414.91","          $78,821,069.71","           3,700.6","              $21,299.54"
Alma del Mar Charter School (District),04090000,"          $17,354,710.00","           1,034.5","              $16,776.10","          $17,354,710.00","           1,034.5","              $16,776.10"
Amesbury,00070000,"          $39,966,168.64","           1,789.1","              $22,338.70","          $45,461,590.81","           1,981.4","              $22,944.18"
Amherst,00080000,"          $30,039,874.00","           1,062.1","              $28,283.47","          $32,556,546.52","           1,191.1","              $27,333.18"
Amherst-Pelham,06050000,"          $32,489,016.00","           1,241.1","              $26,177.60","          $37,562,376.22","           1,390.9","              $27,005.81"
Andover,00090000,"         $120,895,506.40","           5,569.1","              $21,708.27","         $128,212,610.90","           5,663.7","              $22,637.61"
Argosy Collegiate Charter School (District),35090000,"          $10,104,246.97",             546.6,"              $18,485.63","          $10,104,246.97",             546.6,"              $18,485.63"
Arlington,00100000,"         $113,165,838.50","           6,019.7","              $18,799.25","         $119,119,025.90","           6,117.7","              $19,471.21"
Ashburnham-Westminster,06100000,"          $35,763,196.29","           2,252.5","              $15,877.11","          $38,700,936.81","           2,350.7","              $16,463.58"
Ashland,00140000,"          $46,927,293.37","           2,889.7","              $16,239.50","          $51,197,608.86","           2,950.1","              $17,354.53"
Assabet Valley Regional Vocational Technical,08010000,"          $29,035,656.09","           1,092.2","              $26,584.56","          $29,178,846.47","           1,092.8","              $26,700.99"
Athol-Royalston,06150000,"          $28,132,998.00","           1,569.9","              $17,920.25","          $32,176,065.18","           1,842.7","              $17,461.37"
Atlantis Charter (District),04910000,"          $20,454,702.00","           1,288.4","              $15,876.67","          $20,454,702.00","           1,288.4","              $15,876.67"
Attleboro,00160000,"          $99,575,309.06","           5,912.2","              $16,842.34","         $109,262,216.00","           6,313.2","              $17,306.95"
Auburn,00170000,"          $42,145,085.14","           2,554.4","              $16,499.02","          $43,641,167.09","           2,601.7","              $16,774.10"
Avon,00180000,"          $13,866,502.00",             727.5,"              $19,060.48","          $15,048,069.59",             767.8,"              $19,598.94"
Ayer Shirley School District,06160000,"          $32,042,979.18","           1,641.4","              $19,521.74","          $37,038,728.96","           1,885.5","              $19,643.98"
Barnstable,00200000,"         $101,740,367.20","           4,840.8","              $21,017.26","         $113,238,824.10","           5,454.1","              $20,762.15"
Baystate Academy Charter Public School (District),35020000,"           $9,211,962.95",             391.8,"              $23,510.70","           $9,211,962.95",             391.8,"              $23,510.70"
Bedford,00230000,"          $54,877,288.97","           2,537.2","              $21,629.07","          $60,293,724.87","           2,578.2","              $23,385.98"
Belchertown,00240000,"          $36,583,711.03","           2,116.2","              $17,287.45","          $40,320,664.25","           2,308.7","              $17,464.66"
Bellingham,00250000,"          $41,192,824.00","           2,016.2","              $20,430.92","          $49,328,287.00","           2,344.4","              $21,040.90"
Belmont,00260000,"          $75,491,668.00","           4,375.5","              $17,253.27","          $88,463,818.86","           4,557.3","              $19,411.45"
Benjamin Banneker Charter Public (District),04200000,"           $7,700,725.33",             330.1,"              $23,329.17","           $7,700,725.33",             330.1,"              $23,329.17"
Benjamin Franklin Classical Charter Public (District),04470000,"          $13,531,717.00",             863.4,"              $15,672.23","          $13,531,717.00",             863.4,"              $15,672.23"
Berkley,00270000,"          $12,730,800.00",             855.9,"              $14,874.17","          $13,108,535.45",             869.7,"              $15,072.48"
Berkshire Arts and Technology Charter Public (District),04140000,"           $7,852,224.31",             363.3,"              $21,611.82","           $7,852,224.31",             363.3,"              $21,611.82"
Berkshire Hills,06180000,"          $34,179,282.77","           1,175.3","              $29,081.33","          $37,147,351.59","           1,278.9","              $29,046.33"
Berlin-Boylston,06200000,"          $19,046,800.04","           1,055.7","              $18,041.87","          $21,188,906.04","           1,121.7","              $18,889.99"
Beverly,00300000,"          $79,686,437.94","           4,619.7","              $17,249.27","          $88,951,266.84","           4,800.5","              $18,529.58"
Billerica,00310000,"          $92,887,337.25","           4,872.0","              $19,065.55","         $103,126,447.60","           5,092.8","              $20,249.46"
Blackstone Valley Regional Vocational Technical,08050000,"          $29,250,651.53","           1,225.1","              $23,876.13","          $29,262,101.53","           1,227.4","              $23,840.72"
Blackstone-Millville,06220000,"          $27,378,402.00","           1,452.1","              $18,854.35","          $30,799,636.78","           1,642.7","              $18,749.40"
Blue Hills Regional Vocational Technical,08060000,"          $24,093,331.62",             895.0,"              $26,919.92","          $24,101,256.62",             896.2,"              $26,892.72"
Boston,00350000,"       $1,567,511,179.00","          47,235.6","              $33,184.95","       $1,937,971,768.00","          60,784.2","              $31,882.82"
Boston Collegiate Charter (District),04490000,"          $15,537,960.08",             697.1,"              $22,289.75","          $15,537,960.08",             697.1,"              $22,289.75"
Boston Day and Evening Academy Charter (District),04240000,"           $9,926,653.93",             323.7,"              $30,662.39","           $9,926,653.93",             323.7,"              $30,662.39"
Boston Green Academy Horace Mann Charter School (District),04110000,"          $11,738,816.83",             455.0,"              $25,800.62","          $11,738,816.83",             455.0,"              $25,800.62"
Boston Preparatory Charter Public (District),04160000,"          $17,794,102.46",             702.3,"              $25,338.34","          $17,794,102.46",             702.3,"              $25,338.34"
Boston Renaissance Charter Public (District),04810000,"          $20,366,481.00",             933.0,"              $21,829.49","          $20,366,481.00",             933.0,"              $21,829.49"
Bourne,00360000,"          $36,814,366.35","           1,570.6","              $23,439.68","          $41,985,614.17","           1,839.8","              $22,820.75"
Boxford,00380000,"          $14,852,107.00",             748.1,"              $19,853.10","          $16,024,010.00",             761.6,"              $21,039.93"
Braintree,00400000,"          $95,374,622.81","           5,376.6","              $17,738.84","         $104,947,957.10","           5,509.7","              $19,047.85"
Brewster,00410000,"          $11,645,394.16",             434.0,"              $26,832.71","          $11,908,591.99",             449.5,"              $26,492.97"
Bridge Boston Charter School (District),04170000,"           $9,930,429.00",             334.1,"              $29,722.03","           $9,930,429.00",             334.1,"              $29,722.03"
Bridgewater-Raynham,06250000,"          $86,171,313.54","           5,508.8","              $15,642.48","          $92,970,693.73","           5,766.6","              $16,122.27"
Brimfield,00430000,"           $5,033,462.00",             287.4,"              $17,513.79","           $5,687,372.00",             302.5,"              $18,801.23"
Bristol County Agricultural,09100000,"          $13,119,525.04",             543.5,"              $24,138.96","          $13,119,525.04",             543.5,"              $24,138.96"
Bristol-Plymouth Regional Vocational Technical,08100000,"          $31,146,256.00","           1,281.5","              $24,304.53","          $31,243,119.00","           1,298.7","              $24,057.23"
Brockton,00440000,"         $332,314,545.40","          14,968.4","              $22,201.07","         $383,644,586.10","          16,968.7","              $22,608.96"
Brooke Charter School (District),04280000,"          $45,784,254.72","           2,227.8","              $20,550.96","          $45,784,254.72","           2,227.8","              $20,550.96"
Brookfield,00450000,"           $4,543,455.61",             291.1,"              $15,607.89","           $5,265,536.91",             306.5,"              $17,179.57"
Brookline,00460000,"         $181,518,442.90","           7,049.6","              $25,748.76","         $189,035,177.30","           7,125.8","              $26,528.27"
Burlington,00480000,"          $84,095,781.00","           3,427.7","              $24,534.17","          $94,758,336.84","           3,537.0","              $26,790.60"
Cambridge,00490000,"         $245,188,021.00","           6,664.7","              $36,789.06","         $283,427,553.50","           7,279.9","              $38,932.89"
Canton,00500000,"          $64,098,168.42","           3,208.4","              $19,978.23","          $71,910,639.59","           3,304.2","              $21,763.40"
Cape Cod Lighthouse Charter (District),04320000,"           $4,365,296.00",             249.1,"              $17,523.57","           $4,365,296.00",             249.1,"              $17,523.57"
Cape Cod Regional Vocational Technical,08150000,"          $17,692,581.00",             645.7,"              $27,400.62","          $17,706,181.00",             648.4,"              $27,307.50"
Carlisle,00510000,"          $14,135,496.07",             602.9,"              $23,445.84","          $14,824,037.00",             610.9,"              $24,265.90"
Carver,00520000,"          $28,592,383.00","           1,545.0","              $18,506.40","          $31,681,779.00","           1,646.0","              $19,247.74"
Central Berkshire,06350000,"          $29,640,152.00","           1,559.8","              $19,002.53","          $32,666,791.60","           1,772.9","              $18,425.63"
Chelmsford,00560000,"          $85,554,333.00","           5,059.8","              $16,908.64","          $94,061,841.13","           5,283.2","              $17,803.95"
Chelsea,00570000,"         $123,941,591.30","           6,192.9","              $20,013.50","         $158,605,269.40","           7,297.8","              $21,733.30"
Chesterfield-Goshen,06320000,"           $2,788,871.00",             149.5,"              $18,654.66","           $2,956,724.70",             160.6,"              $18,410.49"
Chicopee,00610000,"         $146,379,254.70","           6,740.5","              $21,716.38","         $157,477,977.10","           7,464.6","              $21,096.64"
Christa McAuliffe Charter School (District),04180000,"           $6,658,555.00",             326.9,"              $20,370.65","           $6,658,555.00",             326.9,"              $20,370.65"
City on a Hill Charter Public School (District),04370000,"           $6,539,220.58",             193.1,"              $33,867.93","           $6,539,220.58",             193.1,"              $33,867.93"
Clarksburg,00630000,"           $3,147,511.62",             191.7,"              $16,418.94","           $4,041,847.83",             235.6,"              $17,155.55"
Clinton,00640000,"          $34,391,165.00","           1,952.1","              $17,617.52","          $40,612,074.27","           2,209.9","              $18,377.34"
Codman Academy Charter Public (District),04380000,"          $11,613,416.06",             337.7,"              $34,392.80","          $11,613,416.06",             337.7,"              $34,392.80"
Cohasset,00650000,"          $30,687,285.18","           1,405.9","              $21,827.50","          $33,377,108.74","           1,437.9","              $23,212.40"
Collegiate Charter School of Lowell (District),35030000,"          $15,183,096.45","           1,191.3","              $12,744.87","          $15,183,096.45","           1,191.3","              $12,744.87"
Community Charter School of Cambridge (District),04360000,"           $7,291,944.39",             256.5,"              $28,430.85","           $7,291,944.39",             256.5,"              $28,430.85"
Community Day Charter Public School (District),04400000,"          $22,776,949.00","           1,198.3","              $19,008.51","          $22,776,949.00","           1,198.3","              $19,008.51"
Concord,00670000,"          $49,316,160.55","           1,955.7","              $25,216.63","          $51,822,716.72","           1,979.8","              $26,175.73"
Concord-Carlisle,06400000,"          $31,628,236.00","           1,290.0","              $24,518.01","          $35,447,824.97","           1,329.5","              $26,662.52"
Conservatory Lab Charter (District),04390000,"          $10,119,690.13",             438.7,"              $23,066.40","          $10,119,690.13",             438.7,"              $23,066.40"
Conway,00680000,"           $3,691,447.31",             133.5,"              $27,651.29","           $3,780,735.82",             146.1,"              $25,877.73"
Danvers,00710000,"          $61,693,449.70","           3,238.1","              $19,052.36","          $70,384,083.90","           3,384.2","              $20,797.85"
Dartmouth,00720000,"          $58,452,160.06","           3,389.2","              $17,246.60","          $64,512,288.62","           3,512.8","              $18,364.92"
Dedham,00730000,"          $63,891,348.52","           2,562.6","              $24,932.24","          $70,422,701.82","           2,638.2","              $26,693.47"
Deerfield,00740000,"           $7,119,784.75",             332.1,"              $21,438.68","           $7,680,891.92",             380.0,"              $20,212.87"
Dennis-Yarmouth,06450000,"          $67,341,712.24","           2,854.6","              $23,590.59","          $77,846,781.66","           3,404.9","              $22,863.16"
Dighton-Rehoboth,06500000,"          $48,847,062.45","           2,567.6","              $19,024.41","          $51,801,496.94","           2,653.5","              $19,521.95"
Douglas,00770000,"          $20,474,815.97","           1,159.3","              $17,661.36","          $23,608,928.00","           1,248.9","              $18,903.78"
Dover,00780000,"          $11,159,930.00",             511.4,"              $21,822.31","          $13,011,784.00",             516.8,"              $25,177.60"
Dover-Sherborn,06550000,"          $27,384,335.71","           1,142.5","              $23,968.78","          $28,643,894.79","           1,175.8","              $24,361.20"
Dracut,00790000,"          $52,270,307.90","           3,612.3","              $14,470.09","          $60,519,145.30","           3,995.5","              $15,146.83"
Dudley Street Neighborhood Charter School (District),04070000,"           $6,339,222.83",             276.0,"              $22,965.86","           $6,339,222.83",             276.0,"              $22,965.86"
Dudley-Charlton Reg,06580000,"          $55,062,642.62","           3,471.2","              $15,862.71","          $59,347,514.73","           3,567.6","              $16,635.14"
Duxbury,00820000,"          $53,801,304.24","           2,789.1","              $19,289.84","          $56,464,737.76","           2,840.8","              $19,876.35"
East Bridgewater,00830000,"          $33,379,798.00","           2,050.9","              $16,275.68","          $36,179,329.74","           2,148.4","              $16,840.13"
East Longmeadow,00870000,"          $46,216,297.00","           2,556.0","              $18,081.49","          $50,593,936.47","           2,635.1","              $19,200.01"
Eastham,00850000,"           $5,354,850.35",             192.6,"              $27,802.96","           $5,562,334.79",             213.3,"              $26,077.52"
Easthampton,00860000,"          $24,076,653.32","           1,415.9","              $17,004.49","          $30,095,166.53","           1,722.0","              $17,476.87"
Easton,00880000,"          $56,054,982.16","           3,412.8","              $16,424.92","          $60,289,596.21","           3,500.6","              $17,222.65"
Edgartown,00890000,"          $12,261,518.20",             418.5,"              $29,298.73","          $13,169,946.00",             459.6,"              $28,655.23"
Edward M. Kennedy Academy for Health Careers: A Horace Mann Charter Public School (District),04520000,"          $13,418,341.00",             371.1,"              $36,156.73","          $13,418,341.00",             371.1,"              $36,156.73"
Erving,00910000,"           $4,083,753.00",             126.8,"              $32,206.25","           $5,882,735.82",             215.0,"              $27,361.56"
Essex North Shore Agricultural and Technical School District,08170000,"          $37,624,696.94","           1,655.1","              $22,732.58","          $38,287,169.08","           1,665.7","              $22,985.63"
Everett,00930000,"         $134,645,168.00","           7,365.0","              $18,281.76","         $157,579,540.70","           8,216.3","              $19,178.89"
Excel Academy Charter (District),04100000,"          $29,770,958.00","           1,366.5","              $21,787.08","          $29,770,958.00","           1,366.5","              $21,787.08"
Fairhaven,00940000,"          $29,462,337.88","           1,830.5","              $16,095.24","          $31,951,620.36","           1,903.2","              $16,788.37"
Fall River,00950000,"         $225,485,874.00","          10,566.1","              $21,340.50","         $264,229,228.80","          12,605.4","              $20,961.59"
Falmouth,00960000,"          $72,419,665.86","           2,977.6","              $24,321.49","          $78,776,647.46","           3,225.0","              $24,426.87"
Farmington River Reg,06620000,"           $4,381,998.38",             122.8,"              $35,684.03","           $5,455,197.61",             243.7,"              $22,384.89"
Fitchburg,00970000,"          $97,352,131.52","           5,135.7","              $18,955.96","         $115,226,717.00","           5,904.3","              $19,515.73"
Florida,00980000,"           $1,837,875.75",              90.3,"              $20,353.00","           $1,954,491.75",             101.7,"              $19,218.21"
Four Rivers Charter Public (District),04130000,"           $4,158,035.00",             217.0,"              $19,165.87","           $4,158,035.00",             217.0,"              $19,165.87"
Foxborough,00990000,"          $50,761,971.50","           2,467.0","              $20,576.40","          $56,408,020.01","           2,617.1","              $21,553.64"
Foxborough Regional Charter (District),04460000,"          $23,813,198.62","           1,556.7","              $15,297.53","          $23,813,198.62","           1,556.7","              $15,297.53"
Framingham,01000000,"         $213,313,549.00","           9,212.0","              $23,156.05","         $242,061,528.30","           9,934.1","              $24,366.73"
Francis W. Parker Charter Essential (District),04780000,"           $6,948,564.18",             390.7,"              $17,783.54","           $6,948,564.18",             390.7,"              $17,783.54"
Franklin,01010000,"          $82,870,518.09","           4,674.5","              $17,728.21","          $98,325,312.53","           5,152.3","              $19,083.77"
Franklin County Regional Vocational Technical,08180000,"          $16,825,623.55",             571.2,"              $29,456.62","          $16,831,723.55",             572.4,"              $29,405.53"
Freetown-Lakeville,06650000,"          $43,208,622.89","           2,753.0","              $15,695.10","          $47,437,484.89","           2,871.5","              $16,520.11"
Frontier,06700000,"          $12,755,631.01",             594.8,"              $21,445.24","          $14,557,326.66",             663.6,"              $21,936.90"
Gardner,01030000,"          $38,872,358.76","           2,392.5","              $16,247.59","          $43,851,862.18","           2,618.2","              $16,748.86"
Gateway,06720000,"          $18,338,360.90",             786.1,"              $23,328.28","          $19,920,289.36",             887.1,"              $22,455.52"
Georgetown,01050000,"          $22,544,082.49","           1,259.1","              $17,904.92","          $25,513,733.64","           1,318.2","              $19,354.98"
Gill-Montague,06740000,"          $21,992,248.40",             866.7,"              $25,374.70","          $25,590,796.91","           1,137.8","              $22,491.47"
Global Learning Charter Public (District),04960000,"           $8,652,095.00",             499.3,"              $17,327.06","           $8,652,095.00",             499.3,"              $17,327.06"
Gloucester,01070000,"          $60,616,478.96","           2,876.7","              $21,071.53","          $68,483,052.61","           3,190.7","              $21,463.33"
Gosnold,01090000,,                .0,                    $.00,,                .0,                    $.00
Grafton,01100000,"          $48,561,490.00","           3,100.4","              $15,662.98","          $52,995,807.40","           3,195.4","              $16,585.03"
Granby,01110000,"          $13,158,860.33",             715.6,"              $18,388.57","          $14,718,343.22",             794.6,"              $18,522.96"
Greater Commonwealth Virtual District,39010000,"          $13,650,268.47","           1,201.8","              $11,358.19","          $13,650,268.47","           1,201.8","              $11,358.19"
Greater Fall River Regional Vocational Technical,08210000,"          $36,827,587.00","           1,397.0","              $26,361.91","          $36,902,453.32","           1,410.6","              $26,160.82"
Greater Lawrence Regional Vocational Technical,08230000,"          $48,737,892.00","           1,684.6","              $28,931.43","          $48,782,100.10","           1,688.8","              $28,885.66"
Greater Lowell Regional Vocational Technical,08280000,"          $59,149,425.50","           2,262.0","              $26,149.17","          $59,248,372.77","           2,280.2","              $25,983.85"
Greater New Bedford Regional Vocational Technical,08250000,"          $59,919,716.87","           2,050.6","              $29,220.58","          $59,958,610.23","           2,057.9","              $29,135.82"
Greenfield,01140000,"          $31,484,991.13","           1,446.3","              $21,769.34","          $39,514,778.24","           1,920.9","              $20,570.97"
Groton-Dunstable,06730000,"          $46,697,910.00","           2,346.3","              $19,902.79","          $50,386,316.37","           2,445.2","              $20,606.21"
Hadley,01170000,"          $10,371,911.24",             495.0,"              $20,953.36","          $12,207,365.30",             602.8,"              $20,251.10"
Halifax,01180000,"           $7,910,508.66",             563.2,"              $14,045.65","          $11,159,847.28",             639.8,"              $17,442.71"
Hamilton-Wenham,06750000,"          $36,229,216.24","           1,651.5","              $21,937.16","          $40,754,276.85","           1,717.8","              $23,724.69"
Hampden Charter School of Science East (District),04990000,"           $9,075,636.33",             543.3,"              $16,704.96","           $9,075,636.33",             543.3,"              $16,704.96"
Hampden Charter School of Science West (District),35160000,"           $7,274,501.00",             360.4,"              $20,182.84","           $7,274,501.00",             360.4,"              $20,182.84"
Hampden-Wilbraham,06800000,"          $52,417,186.00","           2,880.4","              $18,197.88","          $56,222,314.12","           2,978.5","              $18,876.05"
Hampshire,06830000,"          $14,287,713.74",             654.9,"              $21,816.63","          $16,526,209.75",             754.6,"              $21,900.62"
Hancock,01210000,"           $1,070,356.28",              59.9,"              $17,869.05","           $2,032,921.28",             113.9,"              $17,848.30"
Hanover,01220000,"          $44,601,725.19","           2,598.1","              $17,167.05","          $48,656,568.00","           2,675.8","              $18,183.93"
Harvard,01250000,"          $22,909,950.01","           1,023.8","              $22,377.37","          $26,202,222.01","           1,080.2","              $24,256.82"
Hatfield,01270000,"           $7,521,780.22",             349.4,"              $21,527.71","           $8,942,427.84",             429.0,"              $20,844.82"
Haverhill,01280000,"         $149,568,555.40","           7,875.4","              $18,991.87","         $167,907,470.60","           8,564.4","              $19,605.28"
Hawlemont,06850000,"           $2,790,137.83",              92.4,"              $30,196.30","           $3,150,488.56",             132.0,"              $23,867.34"
Helen Y. Davis Leadership Academy Charter Public (District),04190000,"           $3,929,181.00",             111.9,"              $35,107.05","           $3,929,181.00",             111.9,"              $35,107.05"
Hill View Montessori Charter Public (District),04550000,"           $4,996,118.03",             304.9,"              $16,383.94","           $4,996,118.03",             304.9,"              $16,383.94"
Hilltown Cooperative Charter Public (District),04500000,"           $3,594,384.87",             217.8,"              $16,505.42","           $3,594,384.87",             217.8,"              $16,505.42"
Hingham,01310000,"          $75,141,934.14","           3,785.5","              $19,849.94","          $80,383,049.07","           3,858.4","              $20,833.26"
Holbrook,01330000,"          $22,144,938.91","           1,325.2","              $16,710.64","          $25,295,840.04","           1,420.1","              $17,812.72"
Holland,01350000,"           $3,552,868.00",             228.9,"              $15,521.49","           $4,251,806.56",             243.9,"              $17,432.58"
Holliston,01360000,"          $44,578,896.25","           2,785.5","              $16,003.91","          $50,579,238.25","           2,889.1","              $17,506.92"
Holyoke,01370000,"         $123,455,882.40","           4,953.4","              $24,923.46","         $152,405,764.80","           6,246.1","              $24,400.15"
Holyoke Community Charter (District),04530000,"          $12,979,467.00",             685.8,"              $18,926.30","          $12,979,467.00",             685.8,"              $18,926.30"
Hoosac Valley Regional,06030000,"          $20,613,324.11","           1,009.6","              $20,417.32","          $22,906,627.82","           1,222.7","              $18,734.46"
Hopedale,01380000,"          $19,786,726.50","           1,096.7","              $18,042.06","          $21,361,045.08","           1,142.5","              $18,696.76"
Hopkinton,01390000,"          $69,449,704.80","           4,191.1","              $16,570.76","          $73,749,332.12","           4,245.4","              $17,371.59"
Hudson,01410000,"          $51,068,061.20","           2,364.6","              $21,596.91","          $59,085,130.77","           2,643.0","              $22,355.33"
Hull,01420000,"          $22,155,434.07",             767.5,"              $28,867.02","          $23,848,122.27",             805.3,"              $29,613.96"
Innovation Academy Charter (District),04350000,"          $13,183,598.00",             785.6,"              $16,781.78","          $13,183,598.00",             785.6,"              $16,781.78"
Ipswich,01440000,"          $36,122,629.00","           1,609.6","              $22,441.99","          $38,120,240.48","           1,662.8","              $22,925.33"
KIPP Academy Boston Charter School (District),04630000,"          $16,945,663.53",             579.5,"              $29,241.37","          $16,945,663.53",             579.5,"              $29,241.37"
KIPP Academy Lynn Charter (District),04290000,"          $33,410,627.91","           1,612.6","              $20,717.97","          $33,410,627.91","           1,612.6","              $20,717.97"
King Philip,06900000,"          $37,422,330.85","           1,794.4","              $20,855.07","          $44,944,928.19","           1,884.4","              $23,851.06"
Kingston,01450000,"          $14,863,158.14","           1,251.7","              $11,874.38","          $19,590,815.12","           1,298.8","              $15,083.78"
Lawrence,01490000,"         $276,298,638.90","          13,231.3","              $20,882.20","         $320,652,225.50","          15,358.4","              $20,877.97"
Lawrence Family Development Charter (District),04540000,"          $12,487,679.51",             856.8,"              $14,574.28","          $12,487,679.51",             856.8,"              $14,574.28"
Learning First Charter Public School (District),04860000,"          $12,058,552.00",             667.0,"              $18,079.33","          $12,058,552.00",             667.0,"              $18,079.33"
Lee,01500000,"          $15,037,691.00",             660.2,"              $22,777.48","          $16,150,823.27",             776.8,"              $20,791.48"
Leicester,01510000,"          $22,707,633.00","           1,345.0","              $16,883.00","          $27,487,465.66","           1,534.8","              $17,909.48"
Lenox,01520000,"          $17,824,529.77",             785.4,"              $22,694.84","          $18,672,511.20",             834.9,"              $22,364.97"
Leominster,01530000,"         $102,102,789.40","           5,959.5","              $17,132.78","         $112,862,997.10","           6,365.2","              $17,731.26"
Leverett,01540000,"           $3,057,162.00",             140.4,"              $21,774.66","           $3,121,480.81",             147.4,"              $21,176.94"
Lexington,01550000,"         $163,744,260.50","           6,867.8","              $23,842.32","         $175,680,888.30","           6,980.7","              $25,166.66"
Libertas Academy Charter School (District),35140000,"           $7,793,951.65",             418.1,"              $18,642.70","           $7,793,951.65",             418.1,"              $18,642.70"
Lincoln,01570000,"          $30,625,140.13","           1,011.6","              $30,273.96","          $33,173,289.97","           1,044.1","              $31,772.14"
Lincoln-Sudbury,06950000,"          $33,707,892.00","           1,457.1","              $23,133.55","          $39,959,889.76","           1,522.8","              $26,241.06"
Littleton,01580000,"          $28,958,442.80","           1,691.1","              $17,124.03","          $33,053,310.70","           1,793.5","              $18,429.50"
Longmeadow,01590000,"          $47,905,735.27","           2,773.1","              $17,275.16","          $51,961,692.51","           2,828.6","              $18,370.11"
Lowell,01600000,"         $294,491,731.40","          14,252.9","              $20,661.88","         $343,896,466.10","          16,780.6","              $20,493.69"
Lowell Community Charter Public (District),04560000,"          $15,511,809.94",             811.9,"              $19,105.10","          $15,511,809.94",             811.9,"              $19,105.10"
Lowell Middlesex Academy Charter (District),04580000,"           $1,549,766.00",              96.6,"              $16,044.79","           $1,549,766.00",              96.6,"              $16,044.79"
Ludlow,01610000,"          $46,166,582.51","           2,299.9","              $20,073.30","          $50,877,261.61","           2,429.3","              $20,943.18"
Lunenburg,01620000,"          $27,711,810.32","           1,566.1","              $17,694.79","          $29,559,471.89","           1,671.5","              $17,684.40"
Lynn,01630000,"         $337,174,263.00","          16,064.7","              $20,988.52","         $386,367,148.00","          18,328.2","              $21,080.47"
Lynnfield,01640000,"          $40,868,232.90","           2,203.8","              $18,544.44","          $43,860,760.06","           2,245.4","              $19,533.61"
Malden,01650000,"         $116,532,628.00","           6,270.2","              $18,585.15","         $136,479,919.20","           7,052.0","              $19,353.36"
Manchester Essex Regional,06980000,"          $28,383,017.00","           1,207.6","              $23,503.66","          $31,163,714.25","           1,242.0","              $25,091.56"
Mansfield,01670000,"          $70,066,898.96","           3,442.8","              $20,351.72","          $76,024,342.01","           3,559.6","              $21,357.55"
Map Academy Charter School (District),35170000,"           $4,556,212.05",             251.0,"              $18,155.86","           $4,556,212.05",             251.0,"              $18,155.86"
Marblehead,01680000,"          $54,458,452.00","           2,621.5","              $20,773.78","          $60,858,122.91","           2,769.6","              $21,973.61"
Marblehead Community Charter Public (District),04640000,"           $4,167,912.93",             221.4,"              $18,827.81","           $4,167,912.93",             221.4,"              $18,827.81"
Marion,01690000,"           $8,092,979.00",             394.0,"              $20,540.56","           $8,671,722.00",             408.6,"              $21,223.01"
Marlborough,01700000,"          $88,074,117.84","           4,805.5","              $18,327.77","         $103,323,822.80","           5,533.2","              $18,673.43"
Marshfield,01710000,"          $66,835,720.43","           3,766.8","              $17,743.37","          $71,038,689.80","           3,876.8","              $18,324.05"
Martha's Vineyard,07000000,"          $26,118,317.00",             747.7,"              $34,931.55","          $29,841,115.91",             797.9,"              $37,399.57"
Martha's Vineyard Charter Public School (District),04660000,"           $5,535,502.45",             180.2,"              $30,715.25","           $5,535,502.45",             180.2,"              $30,715.25"
"Martin Luther King, Jr. Charter School of Excellence (District)",04920000,"           $6,468,536.70",             354.9,"              $18,225.34","           $6,468,536.70",             354.9,"              $18,225.34"
Masconomet,07050000,"          $36,381,534.00","           1,532.7","              $23,736.89","          $41,327,191.43","           1,611.3","              $25,648.35"
Mashpee,01720000,"          $36,204,419.90","           1,454.9","              $24,884.47","          $39,333,063.73","           1,600.4","              $24,577.02"
Match Charter Public School (District),04690000,"          $33,486,798.00","           1,172.2","              $28,567.72","          $33,486,798.00","           1,172.2","              $28,567.72"
Mattapoisett,01730000,"           $9,917,484.00",             413.1,"              $24,007.47","          $10,602,008.50",             422.0,"              $25,123.24"
Maynard,01740000,"          $28,373,081.26","           1,196.6","              $23,711.42","          $33,474,111.74","           1,358.4","              $24,642.31"
Medfield,01750000,"          $47,859,556.15","           2,504.9","              $19,106.37","          $50,574,780.15","           2,533.8","              $19,960.05"
Medford,01760000,"          $92,828,757.00","           4,171.2","              $22,254.69","         $106,230,642.20","           4,647.5","              $22,857.59"
Medway,01770000,"          $39,545,296.83","           2,137.3","              $18,502.45","          $43,810,801.70","           2,232.7","              $19,622.34"
Melrose,01780000,"          $58,996,510.42","           3,869.2","              $15,247.73","          $68,355,885.56","           4,195.3","              $16,293.44"
Mendon-Upton,07100000,"          $39,822,570.10","           2,115.9","              $18,820.63","          $44,246,980.61","           2,213.8","              $19,986.89"
Methuen,01810000,"         $108,651,638.60","           6,574.1","              $16,527.23","         $131,233,198.80","           7,068.8","              $18,565.13"
Middleborough,01820000,"          $56,722,170.06","           3,029.9","              $18,720.81","          $61,381,928.16","           3,202.8","              $19,165.08"
Middleton,01840000,"          $15,423,607.00",             728.3,"              $21,177.55","          $15,936,314.00",             743.5,"              $21,434.18"
Milford,01850000,"          $81,933,862.83","           4,438.2","              $18,461.06","          $92,148,265.47","           4,883.8","              $18,868.15"
Millbury,01860000,"          $31,346,717.00","           1,640.6","              $19,106.86","          $34,554,840.93","           1,724.9","              $20,032.95"
Millis,01870000,"          $23,698,909.62","           1,204.3","              $19,678.58","          $26,053,916.21","           1,260.9","              $20,662.95"
Milton,01890000,"          $76,598,134.99","           4,339.7","              $17,650.56","          $83,682,842.35","           4,421.7","              $18,925.49"
Minuteman Regional Vocational Technical,08300000,"          $24,065,290.00",             685.8,"              $35,090.83","          $24,104,630.50",             689.8,"              $34,944.38"
Mohawk Trail,07170000,"          $21,080,646.76",             798.3,"              $26,406.92","          $23,790,514.15",             953.3,"              $24,955.96"
Monomoy Regional School District,07120000,"          $41,736,293.94","           1,759.3","              $23,723.24","          $44,919,762.18","           1,926.8","              $23,313.14"
Monson,01910000,"          $17,287,973.00",             824.3,"              $20,972.91","          $19,573,777.73",             924.2,"              $21,179.16"
Montachusett Regional Vocational Technical,08320000,"          $34,499,926.18","           1,402.7","              $24,595.37","          $34,817,665.57","           1,456.0","              $23,913.23"
Mount Greylock,07150000,"          $25,175,462.00","           1,200.8","              $20,965.57","          $26,318,982.27","           1,262.0","              $20,854.98"
Mystic Valley Regional Charter (District),04700000,"          $24,173,959.00","           1,608.3","              $15,031.22","          $24,173,959.00","           1,608.3","              $15,031.22"
Nahant,01960000,"           $3,205,646.00",             153.9,"              $20,829.41","           $5,635,206.00",             264.9,"              $21,272.96"
Nantucket,01970000,"          $45,579,578.50","           1,703.8","              $26,751.72","          $46,725,057.50","           1,717.0","              $27,213.20"
Narragansett,07200000,"          $22,714,232.00","           1,471.9","              $15,431.91","          $25,154,833.56","           1,592.0","              $15,800.77"
Nashoba,07250000,"          $62,330,687.41","           3,053.2","              $20,414.87","          $65,951,901.00","           3,195.5","              $20,638.99"
Nashoba Valley Regional Vocational Technical,08520000,"          $16,599,068.30",             737.6,"              $22,504.16","          $16,610,708.37",             739.6,"              $22,459.04"
Natick,01980000,"         $102,897,867.80","           5,333.1","              $19,294.19","         $111,944,108.00","           5,467.3","              $20,475.21"
Nauset,06600000,"          $34,192,154.80","           1,296.5","              $26,372.66","          $39,774,264.95","           1,490.3","              $26,688.76"
Needham,01990000,"         $123,897,331.00","           5,550.8","              $22,320.63","         $132,216,855.40","           5,648.6","              $23,407.01"
Neighborhood House Charter (District),04440000,"          $20,829,965.94",             783.5,"              $26,585.45","          $20,829,965.94",             783.5,"              $26,585.45"
New Bedford,02010000,"         $266,790,422.60","          12,651.9","              $21,086.98","         $306,016,180.80","          14,611.6","              $20,943.37"
New Heights Charter School of Brockton (District),35130000,"          $15,369,145.99",             741.5,"              $20,728.50","          $15,369,145.99",             741.5,"              $20,728.50"
New Salem-Wendell,07280000,"           $3,329,876.00",             137.2,"              $24,270.23","           $3,400,672.64",             147.6,"              $23,039.79"
Newburyport,02040000,"          $46,719,118.22","           2,159.5","              $21,634.23","          $53,517,820.14","           2,341.4","              $22,857.19"
Newton,02070000,"         $290,372,816.00","          11,903.7","              $24,393.49","         $304,673,927.50","          12,053.9","              $25,275.96"
Norfolk,02080000,"          $18,019,028.00","           1,026.0","              $17,562.41","          $18,668,700.00","           1,046.0","              $17,847.71"
Norfolk County Agricultural,09150000,"          $15,745,539.94",             566.3,"              $27,804.24","          $15,745,539.94",             566.3,"              $27,804.24"
North Adams,02090000,"          $29,572,051.62","           1,209.5","              $24,449.82","          $33,891,380.64","           1,459.8","              $23,216.45"
North Andover,02110000,"          $77,283,827.48","           4,479.6","              $17,252.39","          $83,791,382.22","           4,598.7","              $18,220.67"
North Attleborough,02120000,"          $64,493,188.54","           3,966.5","              $16,259.47","          $70,562,174.44","           4,162.5","              $16,951.87"
North Brookfield,02150000,"           $8,761,869.39",             437.9,"              $20,008.84","          $11,286,916.07",             622.8,"              $18,122.86"
North Middlesex,07350000,"          $54,102,217.19","           2,976.9","              $18,174.01","          $62,941,165.27","           3,175.0","              $19,823.99"
North Reading,02170000,"          $46,392,413.01","           2,361.4","              $19,646.15","          $50,157,969.29","           2,405.4","              $20,852.24"
Northampton,02100000,"          $51,408,941.55","           2,614.8","              $19,660.75","          $56,523,002.72","           2,895.0","              $19,524.35"
Northampton-Smith Vocational Agricultural,04060000,"          $15,711,432.42",             554.9,"              $28,313.99","          $15,711,432.42",             554.9,"              $28,313.99"
Northboro-Southboro,07300000,"          $27,660,759.00","           1,214.5","              $22,775.43","          $29,199,755.61","           1,245.7","              $23,440.44"
Northborough,02130000,"          $32,468,825.79","           1,613.3","              $20,125.72","          $36,375,031.12","           1,696.5","              $21,441.22"
Northbridge,02140000,"          $32,819,451.59","           1,962.5","              $16,723.29","          $38,040,708.55","           2,178.0","              $17,465.89"
Northeast Metropolitan Regional Vocational Technical,08530000,"          $34,650,017.35","           1,273.2","              $27,214.91","          $34,655,017.35","           1,277.9","              $27,118.72"
Northern Berkshire Regional Vocational Technical,08510000,"          $12,770,208.00",             498.6,"              $25,612.13","          $12,798,183.94",             503.6,"              $25,413.39"
Norton,02180000,"          $43,739,420.08","           2,368.7","              $18,465.58","          $49,213,883.53","           2,480.2","              $19,842.71"
Norwell,02190000,"          $39,851,948.68","           2,140.7","              $18,616.32","          $43,859,515.66","           2,192.8","              $20,001.60"
Norwood,02200000,"          $71,306,047.00","           3,530.2","              $20,198.87","          $81,997,875.31","           3,702.9","              $22,144.23"
Oak Bluffs,02210000,"          $12,021,760.00",             434.6,"              $27,661.67","          $13,542,949.81",             484.4,"              $27,958.20"
Old Colony Regional Vocational Technical,08550000,"          $14,364,048.00",             549.7,"              $26,130.70","          $14,397,037.00",             552.7,"              $26,048.56"
Old Rochester,07400000,"          $22,365,775.00","           1,048.2","              $21,337.32","          $22,691,039.00","           1,075.8","              $21,092.25"
Old Sturbridge Academy Charter Public School (District),35150000,"           $6,337,184.95",             357.3,"              $17,737.31","           $6,337,184.95",             357.3,"              $17,737.31"
Orange,02230000,"           $9,640,850.00",             513.5,"              $18,774.78","          $11,027,971.15",             603.7,"              $18,267.30"
Orleans,02240000,"           $5,913,519.92",             146.1,"              $40,475.84","           $6,106,727.52",             156.3,"              $39,070.55"
Oxford,02260000,"          $26,551,635.88","           1,453.3","              $18,269.89","          $29,763,767.58","           1,577.5","              $18,867.68"
Palmer,02270000,"          $23,669,776.47","           1,113.2","              $21,262.82","          $27,252,661.80","           1,271.9","              $21,426.73"
Pathfinder Regional Vocational Technical,08600000,"          $16,601,242.76",             629.7,"              $26,363.73","          $16,758,916.23",             646.0,"              $25,942.59"
Paulo Freire Social Justice Charter School (District),35010000,"           $6,298,556.39",             222.1,"              $28,364.21","           $6,298,556.39",             222.1,"              $28,364.21"
Peabody,02290000,"         $102,560,158.00","           5,917.1","              $17,332.84","         $116,986,141.90","           6,198.4","              $18,873.60"
Pelham,02300000,"           $2,587,424.00",             134.5,"              $19,237.35","           $2,613,068.00",             139.5,"              $18,731.67"
Pembroke,02310000,"          $44,636,896.81","           2,508.4","              $17,794.97","          $50,475,311.02","           2,666.5","              $18,929.42"
Pentucket,07450000,"          $40,086,690.00","           2,233.7","              $17,946.32","          $45,625,530.80","           2,367.8","              $19,269.17"
Petersham,02340000,"           $2,361,189.78",             125.5,"              $18,814.26","           $2,529,398.77",             136.4,"              $18,543.98"
"Phoenix Academy Charter Public High School, Chelsea (District)",04930000,"           $5,589,680.89",             199.9,"              $27,966.58","           $5,589,680.89",             199.9,"              $27,966.58"
"Phoenix Academy Public Charter High School, Lawrence (District)",35180000,"           $2,855,250.66",             114.5,"              $24,943.22","           $2,855,250.66",             114.5,"              $24,943.22"
"Phoenix Academy Public Charter High School, Springfield (District)",35080000,"           $4,063,710.21",             167.8,"              $24,217.58","           $4,063,710.21",             167.8,"              $24,217.58"
Pioneer Charter School of Science (District),04940000,"          $14,105,455.11",             777.9,"              $18,132.04","          $14,105,455.11",             777.9,"              $18,132.04"
Pioneer Charter School of Science II (District),35060000,"           $8,284,434.37",             458.6,"              $18,063.83","           $8,284,434.37",             458.6,"              $18,063.83"
Pioneer Valley,07500000,"          $14,951,795.00",             646.6,"              $23,123.72","          $16,499,770.77",             731.8,"              $22,546.83"
Pioneer Valley Chinese Immersion Charter (District),04970000,"           $9,270,575.18",             544.9,"              $17,013.35","           $9,270,575.18",             544.9,"              $17,013.35"
Pioneer Valley Performing Arts Charter Public (District),04790000,"           $6,693,667.82",             398.9,"              $16,780.32","           $6,693,667.82",             398.9,"              $16,780.32"
Pittsfield,02360000,"         $114,139,302.00","           4,920.9","              $23,194.80","         $126,779,847.40","           5,747.5","              $22,058.26"
Plainville,02380000,"          $12,214,294.69",             647.0,"              $18,878.35","          $13,390,734.69",             700.9,"              $19,105.06"
Plymouth,02390000,"         $151,852,269.70","           7,064.7","              $21,494.51","         $170,281,021.60","           7,703.2","              $22,105.23"
Plympton,02400000,"           $3,841,909.25",             240.5,"              $15,974.67","           $4,662,572.66",             261.2,"              $17,850.58"
Prospect Hill Academy Charter (District),04870000,"          $23,314,907.25",             985.8,"              $23,650.75","          $23,314,907.25",             985.8,"              $23,650.75"
Provincetown,02420000,"           $7,213,348.20",             139.3,"              $51,782.83","           $8,022,217.77",             165.6,"              $48,443.34"
Quabbin,07530000,"          $41,014,995.79","           2,179.1","              $18,821.99","          $44,161,575.06","           2,284.2","              $19,333.50"
Quaboag Regional,07780000,"          $21,128,889.03","           1,157.6","              $18,252.32","          $23,393,497.23","           1,292.2","              $18,103.62"
Quincy,02430000,"         $185,481,501.90","           9,701.0","              $19,119.83","         $208,221,562.00","           9,987.5","              $20,848.22"
Ralph C Mahar,07550000,"          $13,981,135.00",             517.3,"              $27,027.13","          $16,030,289.05",             630.8,"              $25,412.63"
Randolph,02440000,"          $68,602,128.96","           2,671.4","              $25,680.22","          $80,901,054.04","           3,248.0","              $24,907.96"
Reading,02460000,"          $69,216,581.07","           3,841.3","              $18,019.05","          $74,964,424.32","           3,933.4","              $19,058.43"
Revere,02480000,"         $134,779,775.70","           7,425.3","              $18,151.42","         $164,730,730.40","           8,217.6","              $20,046.09"
Richmond,02490000,"           $3,862,423.26",             151.7,"              $25,460.93","           $4,575,490.54",             204.4,"              $22,384.98"
Rising Tide Charter Public (District),04830000,"          $11,548,750.66",             626.3,"              $18,438.47","          $11,548,750.66",             626.3,"              $18,438.47"
River Valley Charter (District),04820000,"           $4,735,429.52",             287.9,"              $16,451.03","           $4,735,429.52",             287.9,"              $16,451.03"
Rochester,02500000,"           $8,456,766.00",             485.0,"              $17,436.63","           $9,382,964.63",             502.2,"              $18,683.72"
Rockland,02510000,"          $43,435,690.04","           2,158.3","              $20,124.95","          $47,763,916.04","           2,312.3","              $20,656.45"
Rockport,02520000,"          $18,781,069.00",             712.4,"              $26,363.10","          $21,677,207.36",             768.8,"              $28,196.16"
Rowe,02530000,"           $1,986,879.33",              68.3,"              $29,090.47","           $2,507,841.08",              90.6,"              $27,680.37"
Roxbury Preparatory Charter (District),04840000,"          $33,318,837.19","           1,262.1","              $26,399.94","          $33,318,837.19","           1,262.1","              $26,399.94"
Salem,02580000,"          $92,424,756.28","           3,771.7","              $24,504.80","         $107,251,885.50","           4,435.3","              $24,181.43"
Salem Academy Charter (District),04850000,"           $9,441,302.39",             487.2,"              $19,377.11","           $9,441,302.39",             487.2,"              $19,377.11"
Sandwich,02610000,"          $52,643,616.00","           2,162.1","              $24,348.37","          $59,776,441.24","           2,458.3","              $24,316.17"
Saugus,02620000,"          $45,544,735.66","           2,590.0","              $17,584.84","          $55,599,294.81","           2,995.0","              $18,564.04"
Savoy,02630000,"           $1,152,463.23",              40.0,"              $28,811.58","           $1,340,764.20",              56.9,"              $23,563.52"
Scituate,02640000,"          $53,460,995.14","           2,753.0","              $19,419.18","          $57,569,318.02","           2,802.7","              $20,540.66"
Seekonk,02650000,"          $37,453,476.87","           2,064.5","              $18,141.67","          $41,120,806.60","           2,116.5","              $19,428.68"
Sharon,02660000,"          $69,485,682.95","           3,611.4","              $19,240.65","          $75,580,912.80","           3,688.1","              $20,493.18"
Shawsheen Valley Regional Vocational Technical,08710000,"          $37,587,067.00","           1,259.4","              $29,845.22","          $37,609,736.47","           1,264.1","              $29,752.18"
Sherborn,02690000,"           $8,780,774.00",             410.1,"              $21,411.30","           $9,976,050.00",             416.8,"              $23,934.86"
Shrewsbury,02710000,"         $100,882,364.80","           5,914.9","              $17,055.63","         $109,116,766.10","           6,116.9","              $17,838.57"
Shutesbury,02720000,"           $3,030,950.00",             122.7,"              $24,702.12","           $3,204,282.26",             141.7,"              $22,613.14"
Silver Lake,07600000,"          $35,735,868.80","           1,566.9","              $22,806.73","          $37,046,677.48","           1,656.4","              $22,365.78"
Sizer School: A North Central Charter Essential (District),04740000,"           $5,908,808.09",             348.0,"              $16,977.87","           $5,908,808.09",             348.0,"              $16,977.87"
Somerset,02730000,"          $30,856,757.57","           1,632.8","              $18,898.06","          $32,658,419.00","           1,687.5","              $19,353.14"
Somerset Berkley Regional School District,07630000,"          $17,439,234.53",             982.4,"              $17,751.66","          $19,995,397.67","           1,028.3","              $19,445.10"
Somerville,02740000,"         $128,047,381.80","           4,887.9","              $26,196.81","         $144,552,297.50","           5,302.0","              $27,263.73"
South Hadley,02780000,"          $30,880,128.96","           1,677.6","              $18,407.33","          $37,855,127.08","           1,982.0","              $19,099.46"
South Middlesex Regional Vocational Technical,08290000,"          $24,622,534.74",             822.5,"              $29,936.21","          $24,622,534.74",             824.5,"              $29,863.60"
South Shore Charter Public (District),04880000,"          $18,438,030.00","           1,059.7","              $17,400.11","          $18,438,030.00","           1,059.7","              $17,400.11"
South Shore Regional Vocational Technical,08730000,"          $17,576,074.73",             640.6,"              $27,436.89","          $17,576,074.73",             640.6,"              $27,436.89"
Southampton,02750000,"           $6,786,731.00",             484.5,"              $14,007.70","           $8,683,090.69",             569.1,"              $15,257.58"
Southborough,02760000,"          $28,205,818.00","           1,279.0","              $22,053.02","          $30,939,558.00","           1,306.6","              $23,679.44"
Southbridge,02770000,"          $43,874,358.98","           1,828.7","              $23,992.10","          $51,291,557.48","           2,228.0","              $23,021.35"
Southeastern Regional Vocational Technical,08720000,"          $38,142,450.00","           1,551.0","              $24,592.17","          $38,142,450.00","           1,552.9","              $24,562.08"
Southern Berkshire,07650000,"          $19,834,387.67",             605.3,"              $32,767.86","          $21,040,861.50",             750.5,"              $28,035.79"
Southern Worcester County Regional Vocational School District,08760000,"          $25,126,121.00","           1,146.6","              $21,913.59","          $25,422,842.78","           1,200.2","              $21,182.17"
Southwick-Tolland-Granville Regional School District,07660000,"          $25,289,725.27","           1,331.9","              $18,987.71","          $28,098,961.45","           1,434.0","              $19,594.81"
Spencer-E Brookfield,07670000,"          $25,070,241.49","           1,404.1","              $17,855.03","          $29,658,730.51","           1,687.3","              $17,577.63"
Springfield,02810000,"         $602,987,697.90","          23,763.4","              $25,374.64","         $708,947,250.70","          29,415.2","              $24,101.39"
Springfield International Charter (District),04410000,"          $20,858,045.12","           1,521.8","              $13,705.81","          $20,858,045.12","           1,521.8","              $13,705.81"
Springfield Preparatory Charter School (District),35100000,"           $9,029,432.78",             483.3,"              $18,684.42","           $9,029,432.78",             483.3,"              $18,684.42"
Stoneham,02840000,"          $45,463,907.66","           2,265.0","              $20,072.37","          $52,147,746.16","           2,493.9","              $20,910.12"
Stoughton,02850000,"          $67,538,427.03","           3,578.1","              $18,875.50","          $75,334,841.44","           3,801.6","              $19,816.61"
Sturbridge,02870000,"          $15,430,481.00",             888.5,"              $17,366.89","          $18,372,845.00",             927.9,"              $19,800.46"
Sturgis Charter Public (District),04890000,"          $15,530,906.00",             832.2,"              $18,662.69","          $15,530,906.00",             832.2,"              $18,662.69"
Sudbury,02880000,"          $53,245,385.00","           2,565.0","              $20,758.43","          $55,154,273.00","           2,601.4","              $21,201.77"
Sunderland,02890000,"           $4,842,956.96",             183.9,"              $26,334.73","           $5,146,639.65",             207.2,"              $24,838.99"
Sutton,02900000,"          $23,327,497.49","           1,288.3","              $18,107.19","          $26,040,876.80","           1,358.4","              $19,170.26"
Swampscott,02910000,"          $40,315,001.00","           2,037.0","              $19,791.36","          $46,081,954.50","           2,169.5","              $21,240.82"
Swansea,02920000,"          $33,058,911.11","           1,996.1","              $16,561.75","          $34,704,217.70","           2,076.9","              $16,709.62"
TEC Connections Academy Commonwealth Virtual School District,39020000,"          $32,985,926.00","           2,944.9","              $11,201.03","          $32,985,926.00","           2,944.9","              $11,201.03"
Tantasqua,07700000,"          $30,277,696.00","           1,720.6","              $17,597.17","          $30,677,716.53","           1,784.9","              $17,187.36"
Taunton,02930000,"         $133,515,634.30","           7,950.5","              $16,793.36","         $153,317,204.40","           8,421.0","              $18,206.53"
Tewksbury,02950000,"          $64,647,828.93","           3,263.1","              $19,811.78","          $75,076,701.01","           3,440.9","              $21,818.91"
Tisbury,02960000,"          $10,380,448.72",             273.1,"              $38,009.70","          $11,808,735.15",             377.3,"              $31,298.00"
Topsfield,02980000,"          $11,995,823.00",             634.2,"              $18,914.89","          $12,195,360.00",             639.2,"              $19,079.10"
Tri-County Regional Vocational Technical,08780000,"          $24,052,796.00",             946.9,"              $25,401.62","          $24,062,796.00",             949.9,"              $25,331.93"
Triton,07730000,"          $50,039,024.00","           2,191.2","              $22,836.36","          $55,494,225.06","           2,383.2","              $23,285.59"
Truro,03000000,"           $5,124,645.95",              98.9,"              $51,816.44","           $7,714,413.64",             199.9,"              $38,591.36"
Tyngsborough,03010000,"          $28,496,847.00","           1,569.4","              $18,157.80","          $32,522,468.62","           1,719.7","              $18,911.71"
UP Academy Charter School of Boston (District),04800000,"           $7,423,130.00",             207.5,"              $35,772.71","           $7,423,130.00",             207.5,"              $35,772.71"
UP Academy Charter School of Dorchester (District),35050000,"          $10,777,588.04",             608.0,"              $17,725.19","          $10,777,588.04",             608.0,"              $17,725.19"
Up-Island Regional,07740000,"          $13,706,667.99",             414.5,"              $33,067.96","          $15,060,589.42",             474.7,"              $31,726.54"
Upper Cape Cod Regional Vocational Technical,08790000,"          $20,350,119.00",             708.9,"              $28,706.61","          $20,366,952.71",             712.6,"              $28,581.19"
Uxbridge,03040000,"          $31,970,805.54","           1,637.0","              $19,530.12","          $36,994,960.25","           1,802.9","              $20,519.70"
Veritas Preparatory Charter School (District),04980000,"          $11,449,308.59",             488.9,"              $23,420.42","          $11,449,308.59",             488.9,"              $23,420.42"
Wachusett,07750000,"         $108,722,504.60","           6,723.0","              $16,171.72","         $121,507,275.90","           6,993.7","              $17,373.82"
Wakefield,03050000,"          $66,129,075.95","           3,296.9","              $20,057.96","          $70,816,435.25","           3,428.1","              $20,657.63"
Wales,03060000,"           $2,220,806.28",              97.1,"              $22,871.33","           $2,925,035.46",             129.7,"              $22,552.32"
Walpole,03070000,"          $70,051,652.51","           3,663.0","              $19,124.12","          $74,245,038.01","           3,759.2","              $19,750.22"
Waltham,03080000,"         $139,237,560.00","           5,703.3","              $24,413.51","         $147,261,160.80","           5,900.0","              $24,959.52"
Ware,03090000,"          $22,345,027.80","           1,109.3","              $20,143.36","          $25,360,546.84","           1,328.0","              $19,096.80"
Wareham,03100000,"          $45,749,934.85","           1,992.2","              $22,964.53","          $54,245,631.77","           2,371.2","              $22,876.87"
Watertown,03140000,"          $66,951,931.00","           2,683.0","              $24,954.13","          $77,689,247.79","           2,813.6","              $27,612.04"
Wayland,03150000,"          $59,935,502.31","           2,757.6","              $21,734.66","          $62,808,371.32","           2,801.4","              $22,420.35"
Webster,03160000,"          $33,871,982.00","           1,712.1","              $19,783.88","          $39,148,982.45","           1,986.3","              $19,709.50"
Wellesley,03170000,"         $109,122,594.90","           4,165.4","              $26,197.39","         $116,839,000.20","           4,234.7","              $27,590.86"
Wellfleet,03180000,"           $3,686,333.39",              94.3,"              $39,091.55","           $4,000,886.00",             114.5,"              $34,942.24"
West Boylston,03220000,"          $17,087,579.45",             865.5,"              $19,743.01","          $19,788,688.36",             954.0,"              $20,742.86"
West Bridgewater,03230000,"          $20,933,013.73","           1,405.4","              $14,894.70","          $22,891,238.21","           1,449.4","              $15,793.60"
West Springfield,03320000,"          $68,978,424.57","           3,905.8","              $17,660.51","          $76,093,084.50","           4,111.0","              $18,509.63"
Westborough,03210000,"          $75,495,273.10","           3,853.5","              $19,591.35","          $80,076,039.69","           3,921.1","              $20,421.83"
Westfield,03250000,"          $87,431,372.00","           4,838.1","              $18,071.43","          $96,874,212.01","           5,160.8","              $18,771.16"
Westford,03260000,"          $78,886,850.50","           4,739.1","              $16,645.96","          $85,172,275.82","           4,832.1","              $17,626.35"
Westhampton,03270000,"           $2,489,021.00",             104.6,"              $23,795.61","           $3,029,784.00",             123.5,"              $24,532.66"
Weston,03300000,"          $59,656,523.57","           2,016.7","              $29,581.26","          $63,500,271.71","           2,047.6","              $31,012.05"
Westport,03310000,"          $27,523,722.00","           1,465.9","              $18,775.99","          $30,762,169.89","           1,617.9","              $19,013.64"
Westwood,03350000,"          $67,607,983.00","           2,900.8","              $23,306.67","          $70,581,846.76","           2,934.6","              $24,051.61"
Weymouth,03360000,"         $100,835,299.00","           5,526.6","              $18,245.45","         $118,037,484.00","           5,962.0","              $19,798.30"
Whately,03370000,"           $2,965,611.46",             130.0,"              $22,812.40","           $3,060,543.46",             139.0,"              $22,018.30"
Whitman-Hanson,07800000,"          $60,420,621.00","           3,506.3","              $17,232.02","          $66,412,582.95","           3,649.7","              $18,196.72"
Whittier Regional Vocational Technical,08850000,"          $30,180,303.00","           1,274.5","              $23,680.11","          $30,249,605.00","           1,277.3","              $23,682.46"
Williamsburg,03400000,"           $2,876,452.00",             128.4,"              $22,402.27","           $3,663,844.03",             175.5,"              $20,876.60"
Wilmington,03420000,"          $63,367,007.61","           2,799.0","              $22,639.16","          $70,619,474.54","           2,896.7","              $24,379.28"
Winchendon,03430000,"          $22,565,441.84","           1,238.6","              $18,218.51","          $25,238,357.44","           1,412.0","              $17,874.19"
Winchester,03440000,"          $77,496,210.45","           4,304.8","              $18,002.28","          $83,395,813.97","           4,385.8","              $19,014.96"
Winthrop,03460000,"          $33,080,174.06","           1,950.7","              $16,958.10","          $35,864,671.51","           2,004.8","              $17,889.40"
Woburn,03470000,"          $94,093,579.73","           4,289.4","              $21,936.30","         $105,328,116.50","           4,516.7","              $23,319.71"
Worcester,03480000,"         $501,140,676.40","          24,319.6","              $20,606.45","         $568,546,854.00","          27,234.8","              $20,875.75"
Worthington,03490000,"           $1,904,264.00",              75.5,"              $25,222.04","           $2,822,565.38",             142.1,"              $19,863.23"
Wrentham,03500000,"          $17,626,509.66",             920.9,"              $19,140.53","          $19,059,388.49",             981.1,"              $19,426.55"
State Totals,00000000,"      $18,401,964,825.00","         865,749.1","              $21,255.54","      $20,737,958,663.00","         947,578.4","              $21,885.22"
